feature,importance
cat__Coef MC Nivel_Alto,0.08770815438731999
cat__Coef MC Nivel_Bajo,0.09884132684659626
cat__Coef MC Nivel_Medio,0.002484278762255211
cat__Coef MC Nivel_Muy alto,0.22041590691339538
cat__Coef MC Nivel_Muy bajo/Deterioro,0.20679845569187724
cat__Nivel _Alto,0.25713967123121856
cat__Nivel _Bajo,0.2852192473012131
cat__Nivel _Medio,0.13205103719147812
cat__Nivel _Muy alto,0.5318669811797159
cat__Nivel _Muy bajo/Deterioro,0.6358384423012136
