feature,importance,std
cat__Coef MC Nivel_Alto,1.7905359995379004,0.11264390858736827
