feature,importance,std
cat__Coef MC Nivel_Alto,1.4539269870162856,0.0876077151238659
cat__Coef MC Nivel_Bajo,0.10106628505933854,0.007093032412746676
